# A dummy dataset with an xyz position, some random values and an integer value to
# use for texturing the points
#
# The texture mapping from index to file is handled in another file
x,y,z,a,b,texture
13428000,26239000,45870000,-3.226548224,33.95773276,1
14727000,45282000,10832000,45.05941924,-106.0395917,0
24999000,28370000,19911000,-70.58906931,154.1851656,2
26539000,36165000,39582000,-13.3663358,71.79484733,3
